Year,Age3Returns,TotalEscapement_WildHatch
2014,27991.20235,23106.25521
2015,15155.71776,14556.41567
2016,64966.55879,64275.25816
2017,27408.63787,27430.09408